Criterion 1,Criterion 2,Criterion 3,Criterion 4,Criterion 5,Criterion 6,Criterion 7,Criterion 8,Criterion 9,Criterion 10,Criterion 11,Criterion 12,Criterion 13,Criterion 14,Criterion 15,z
0.018,0.003,0.05,0.006,0.241,0.018,0.026,0.079,0.001,0.002,0.004,0.001,0.001,0.004,0.546,4.948381342060641
0.04,0.005,0.003,0.013,0.525,0.04,0.191,0.173,0.001,0.001,0.001,0.001,0.001,0.001,0.005,4.948381342059038
0.029,0.105,0.019,0.087,0.175,0.013,0.069,0.057,0.014,0.026,0.213,0.089,0.029,0.069,0.007,4.948381342060655
0.054,0.014,0.012,0.015,0.551,0.042,0.075,0.182,0.006,0.006,0.009,0.006,0.007,0.009,0.012,4.948381342056698
0.02,0.14,0.021,0.127,0.267,0.02,0.125,0.087,0.005,0.019,0.164,0.001,0.001,0.001,0.002,4.948381342896037
0.027,0.003,0.022,0.004,0.295,0.022,0.032,0.097,0.037,0.153,0.031,0.223,0.033,0.004,0.016,4.948381341993944
0.122,0.232,0.053,0.02,0.369,0.028,0.041,0.121,0.001,0.001,0.001,0.001,0.001,0.003,0.005,4.948381342058961
0.034,0.026,0.003,0.005,0.446,0.034,0.288,0.147,0.002,0.002,0.002,0.002,0.002,0.002,0.006,4.94838134214582
0.005,0.179,0.281,0.001,0.03,0.001,0.004,0.009,0.004,0.014,0.018,0.006,0.003,0.385,0.06,4.948381337468359
0.038,0.004,0.016,0.005,0.498,0.038,0.055,0.164,0.001,0.112,0.053,0.001,0.001,0.002,0.012,4.948381337411488
0.057,0.016,0.071,0.099,0.425,0.032,0.119,0.14,0.001,0.001,0.001,0.001,0.001,0.03,0.007,4.948381342060756
0.042,0.005,0.007,0.006,0.553,0.042,0.147,0.182,0.001,0.001,0.001,0.004,0.001,0.001,0.006,4.9483813420605856
0.035,0.004,0.003,0.005,0.464,0.035,0.292,0.153,0.001,0.001,0.001,0.001,0.001,0.001,0.004,4.948381342057484
0.001,0.803,0.091,0.001,0.026,0.001,0.002,0.008,0.001,0.001,0.001,0.001,0.001,0.001,0.062,4.948381342060882
0.012,0.025,0.03,0.065,0.117,0.008,0.075,0.038,0.014,0.062,0.166,0.088,0.107,0.159,0.033,4.948381336569635
0.028,0.003,0.002,0.004,0.376,0.028,0.041,0.124,0.065,0.01,0.088,0.031,0.011,0.17,0.018,4.948381341436312
0.022,0.002,0.013,0.107,0.29,0.021,0.185,0.095,0.001,0.036,0.001,0.01,0.001,0.147,0.068,4.948381342060591
0.046,0.006,0.004,0.007,0.606,0.046,0.068,0.2,0.001,0.001,0.001,0.006,0.002,0.001,0.006,4.948381342060165
0.009,0.486,0.064,0.293,0.045,0.003,0.004,0.014,0.004,0.021,0.003,0.026,0.019,0.002,0.008,4.948381342061048
0.047,0.006,0.004,0.007,0.61,0.046,0.067,0.201,0.001,0.001,0.001,0.001,0.001,0.001,0.006,4.948381342064111
0.007,0.058,0.035,0.274,0.026,0.001,0.016,0.008,0.081,0.013,0.111,0.074,0.065,0.208,0.022,4.948381341903005
0.045,0.005,0.004,0.033,0.594,0.045,0.066,0.196,0.001,0.001,0.001,0.001,0.001,0.001,0.006,4.948381333554531
0.033,0.085,0.041,0.026,0.437,0.033,0.084,0.144,0.001,0.072,0.001,0.012,0.001,0.024,0.007,4.948381342060762
0.032,0.004,0.004,0.004,0.421,0.032,0.056,0.138,0.003,0.032,0.262,0.003,0.002,0.002,0.005,4.948381069411786
0.039,0.005,0.012,0.103,0.52,0.039,0.062,0.171,0.029,0.004,0.002,0.001,0.002,0.002,0.008,4.948381342059594
0.055,0.007,0.005,0.008,0.594,0.045,0.065,0.196,0.001,0.001,0.001,0.013,0.001,0.001,0.006,4.9483813420606655
0.062,0.033,0.023,0.177,0.284,0.021,0.035,0.093,0.072,0.017,0.026,0.115,0.03,0.008,0.005,4.948381342067094
0.031,0.131,0.016,0.13,0.096,0.006,0.061,0.031,0.1,0.05,0.117,0.104,0.009,0.106,0.011,4.9483813427562175
0.026,0.094,0.01,0.078,0.09,0.006,0.057,0.029,0.019,0.034,0.207,0.121,0.09,0.013,0.126,4.948381341954041
0.009,0.143,0.03,0.206,0.034,0.002,0.019,0.01,0.015,0.016,0.013,0.095,0.001,0.368,0.04,4.948381343807199
0.007,0.211,0.055,0.44,0.026,0.001,0.002,0.008,0.004,0.005,0.045,0.03,0.065,0.091,0.01,4.948381342060582
0.026,0.194,0.025,0.083,0.09,0.006,0.047,0.029,0.102,0.036,0.083,0.174,0.032,0.065,0.008,4.948381341859201
0.011,0.148,0.016,0.048,0.037,0.002,0.012,0.011,0.018,0.016,0.038,0.115,0.001,0.075,0.451,4.9483813870957505
0.024,0.002,0.042,0.335,0.321,0.024,0.061,0.105,0.001,0.001,0.001,0.001,0.001,0.001,0.079,4.948381342938128
0.03,0.003,0.044,0.025,0.36,0.027,0.18,0.118,0.037,0.008,0.068,0.02,0.034,0.042,0.004,4.948381140998027
0.039,0.005,0.005,0.005,0.511,0.039,0.057,0.168,0.017,0.002,0.001,0.001,0.001,0.001,0.148,4.948381343072261
0.033,0.032,0.005,0.047,0.365,0.027,0.044,0.12,0.118,0.019,0.05,0.027,0.079,0.024,0.01,4.948381342060703
0.046,0.006,0.004,0.007,0.6,0.045,0.066,0.198,0.002,0.006,0.001,0.001,0.001,0.002,0.015,4.948381342062125
0.084,0.034,0.014,0.013,0.412,0.031,0.203,0.135,0.006,0.005,0.007,0.042,0.01,0.001,0.004,4.948381342024442
0.017,0.003,0.003,0.033,0.223,0.016,0.026,0.073,0.001,0.001,0.001,0.001,0.001,0.542,0.059,4.948381189568933
0.005,0.001,0.036,0.288,0.026,0.001,0.012,0.008,0.014,0.011,0.09,0.05,0.001,0.413,0.045,4.9483813420592755
0.021,0.08,0.074,0.069,0.197,0.014,0.126,0.064,0.061,0.047,0.063,0.119,0.027,0.018,0.021,4.948381336143879
0.046,0.006,0.004,0.007,0.609,0.046,0.069,0.201,0.001,0.001,0.001,0.001,0.001,0.001,0.006,4.9483813200777
0.121,0.038,0.036,0.039,0.479,0.036,0.06,0.158,0.001,0.001,0.001,0.001,0.001,0.001,0.027,4.948381341525155
0.047,0.006,0.004,0.008,0.606,0.046,0.067,0.2,0.001,0.001,0.001,0.001,0.001,0.001,0.01,4.948381342074841
0.008,0.697,0.078,0.001,0.026,0.001,0.002,0.008,0.082,0.013,0.001,0.008,0.06,0.008,0.008,4.948381342655406
0.046,0.006,0.004,0.007,0.608,0.046,0.071,0.2,0.001,0.001,0.001,0.001,0.001,0.001,0.006,4.9483813405959225
0.012,0.097,0.177,0.001,0.044,0.002,0.028,0.014,0.106,0.023,0.189,0.015,0.001,0.001,0.29,4.948381342045
0.02,0.012,0.006,0.034,0.086,0.006,0.009,0.028,0.031,0.045,0.373,0.19,0.115,0.017,0.029,4.94838134122378
0.022,0.014,0.004,0.003,0.251,0.018,0.027,0.082,0.004,0.033,0.27,0.027,0.19,0.029,0.026,4.948381336129027
0.043,0.005,0.009,0.006,0.561,0.042,0.062,0.185,0.004,0.027,0.007,0.022,0.016,0.004,0.007,4.948381351539093
0.047,0.055,0.163,0.021,0.143,0.01,0.033,0.046,0.052,0.045,0.027,0.193,0.06,0.055,0.049,4.948381390686811
0.054,0.007,0.005,0.009,0.429,0.032,0.277,0.141,0.01,0.001,0.001,0.003,0.024,0.003,0.004,4.948381342051249
0.016,0.034,0.034,0.027,0.192,0.014,0.077,0.062,0.242,0.04,0.022,0.159,0.063,0.01,0.008,4.948381342060619
0.034,0.004,0.003,0.005,0.396,0.03,0.08,0.13,0.014,0.012,0.036,0.089,0.075,0.083,0.01,4.948381342457568
0.017,0.001,0.061,0.479,0.232,0.017,0.025,0.076,0.001,0.058,0.001,0.002,0.022,0.002,0.006,4.948381342060859
0.044,0.006,0.005,0.007,0.572,0.043,0.063,0.188,0.047,0.01,0.003,0.001,0.003,0.003,0.006,4.948381342060383
0.01,0.001,0.001,0.001,0.166,0.044,0.013,0.755,0.001,0.001,0.001,0.001,0.001,0.001,0.004,4.948381340684662
0.008,0.285,0.071,0.001,0.059,0.004,0.027,0.019,0.001,0.031,0.244,0.001,0.001,0.051,0.198,4.948381341673728
0.021,0.023,0.012,0.002,0.277,0.02,0.03,0.091,0.012,0.086,0.148,0.079,0.116,0.055,0.027,4.948381341789702
0.032,0.004,0.031,0.249,0.427,0.032,0.047,0.14,0.001,0.001,0.001,0.001,0.001,0.001,0.032,4.948381342060147
0.035,0.004,0.003,0.005,0.46,0.035,0.298,0.151,0.001,0.001,0.001,0.001,0.001,0.001,0.004,4.948381342060649
0.038,0.005,0.009,0.005,0.507,0.038,0.056,0.167,0.095,0.069,0.001,0.001,0.001,0.001,0.007,4.948381342535722
0.008,0.006,0.102,0.801,0.026,0.001,0.002,0.008,0.018,0.013,0.001,0.001,0.001,0.001,0.012,4.94838134887569
0.007,0.038,0.096,0.554,0.026,0.001,0.015,0.008,0.03,0.013,0.044,0.028,0.001,0.045,0.094,4.948381334158417
0.111,0.174,0.019,0.05,0.408,0.031,0.047,0.134,0.002,0.003,0.002,0.013,0.001,0.001,0.004,4.948381333667363
0.002,0.003,0.001,0.001,0.026,0.001,0.002,0.008,0.011,0.001,0.002,0.001,0.001,0.001,0.94,4.948381342045332
0.076,0.067,0.009,0.053,0.276,0.02,0.03,0.09,0.17,0.039,0.02,0.103,0.021,0.022,0.003,4.948381334586705
0.001,0.729,0.082,0.068,0.026,0.001,0.004,0.008,0.001,0.001,0.001,0.001,0.001,0.068,0.008,4.948381342059772
0.048,0.006,0.004,0.007,0.257,0.019,0.166,0.084,0.02,0.017,0.017,0.124,0.179,0.027,0.025,4.948381342060249
0.002,0.001,0.001,0.001,0.026,0.001,0.002,0.008,0.001,0.001,0.001,0.001,0.001,0.001,0.953,4.9483813420598715
0.023,0.097,0.01,0.086,0.073,0.005,0.017,0.023,0.022,0.03,0.248,0.061,0.081,0.193,0.031,4.948381342060519
0.003,0.006,0.424,0.007,0.033,0.002,0.02,0.01,0.001,0.004,0.039,0.011,0.004,0.377,0.06,4.948381341922946
0.047,0.056,0.071,0.078,0.298,0.022,0.037,0.098,0.038,0.076,0.009,0.066,0.064,0.009,0.031,4.948381338816104
0.041,0.005,0.026,0.006,0.542,0.041,0.098,0.178,0.001,0.005,0.048,0.001,0.001,0.001,0.005,4.948381342060672
0.007,0.001,0.012,0.012,0.026,0.001,0.002,0.008,0.001,0.013,0.001,0.001,0.001,0.824,0.091,4.948381342060677
0.028,0.003,0.002,0.004,0.371,0.028,0.04,0.122,0.011,0.001,0.014,0.008,0.001,0.332,0.036,4.948381334106997
0.039,0.049,0.169,0.044,0.409,0.031,0.046,0.135,0.001,0.001,0.001,0.001,0.002,0.004,0.069,4.9483813498765885
0.033,0.028,0.003,0.028,0.412,0.031,0.045,0.136,0.007,0.022,0.03,0.041,0.019,0.144,0.021,4.948381342060564
0.008,0.001,0.001,0.001,0.148,0.045,0.012,0.775,0.001,0.001,0.001,0.001,0.001,0.001,0.004,4.948381342060657
0.095,0.013,0.049,0.015,0.307,0.023,0.13,0.101,0.019,0.017,0.017,0.122,0.002,0.001,0.09,4.94838134206216
0.046,0.006,0.004,0.007,0.611,0.046,0.067,0.201,0.001,0.001,0.001,0.001,0.001,0.001,0.006,4.948381342060414
0.009,0.004,0.407,0.001,0.032,0.001,0.003,0.009,0.001,0.013,0.016,0.001,0.001,0.441,0.06,4.948381342060825
0.002,0.237,0.039,0.312,0.039,0.002,0.017,0.012,0.124,0.02,0.147,0.001,0.001,0.042,0.004,4.948381338569506
0.043,0.005,0.004,0.006,0.567,0.043,0.067,0.187,0.001,0.001,0.001,0.003,0.025,0.043,0.005,4.948381341064384
0.011,0.038,0.005,0.043,0.152,0.011,0.07,0.049,0.101,0.022,0.176,0.068,0.04,0.193,0.021,4.948381342060711
0.002,0.001,0.834,0.001,0.035,0.002,0.003,0.011,0.001,0.017,0.001,0.001,0.001,0.001,0.089,4.948381167723423
0.03,0.104,0.086,0.004,0.385,0.029,0.221,0.126,0.001,0.001,0.001,0.001,0.001,0.001,0.008,4.948381342060647
0.029,0.026,0.039,0.14,0.241,0.018,0.026,0.079,0.041,0.035,0.035,0.247,0.021,0.021,0.003,4.94838134206134
0.046,0.006,0.004,0.007,0.61,0.046,0.067,0.201,0.001,0.001,0.001,0.001,0.001,0.001,0.007,4.9483813420598
0.027,0.098,0.045,0.034,0.141,0.01,0.088,0.046,0.034,0.067,0.099,0.208,0.064,0.027,0.013,4.9483813420770355
0.037,0.022,0.003,0.005,0.492,0.037,0.152,0.162,0.07,0.011,0.001,0.001,0.001,0.001,0.004,4.948381342051199
0.035,0.022,0.006,0.008,0.398,0.03,0.044,0.131,0.146,0.027,0.032,0.043,0.056,0.013,0.011,4.948381341558761
0.023,0.22,0.024,0.158,0.16,0.011,0.022,0.052,0.023,0.03,0.022,0.022,0.022,0.191,0.02,4.948381351763821
0.08,0.063,0.075,0.038,0.244,0.018,0.026,0.08,0.001,0.001,0.001,0.001,0.001,0.328,0.042,4.948381342054756
0.045,0.005,0.02,0.007,0.588,0.045,0.069,0.194,0.001,0.003,0.016,0.001,0.001,0.001,0.005,4.948381342060168
0.004,0.82,0.093,0.002,0.038,0.002,0.006,0.012,0.002,0.002,0.002,0.002,0.002,0.002,0.01,4.948381342060641
0.046,0.017,0.004,0.007,0.599,0.045,0.067,0.197,0.001,0.002,0.001,0.006,0.001,0.001,0.006,4.9483812818228365
0.001,0.003,0.003,0.001,0.027,0.001,0.003,0.008,0.002,0.001,0.001,0.001,0.001,0.001,0.946,4.948381341808753
0.01,0.657,0.075,0.001,0.037,0.002,0.003,0.011,0.001,0.019,0.158,0.001,0.001,0.001,0.022,4.948381334741328
0.008,0.002,0.178,0.002,0.105,0.007,0.011,0.034,0.004,0.011,0.004,0.007,0.011,0.554,0.061,4.948381342050067
0.042,0.078,0.01,0.007,0.441,0.033,0.048,0.145,0.006,0.008,0.004,0.025,0.114,0.018,0.019,4.9483813420605856
0.038,0.004,0.004,0.005,0.491,0.037,0.054,0.162,0.002,0.002,0.001,0.001,0.002,0.002,0.194,4.948381341722555
0.05,0.006,0.005,0.007,0.603,0.046,0.067,0.199,0.001,0.001,0.001,0.001,0.003,0.005,0.006,4.948381342251389
0.029,0.006,0.027,0.026,0.376,0.028,0.041,0.123,0.019,0.189,0.014,0.101,0.001,0.001,0.02,4.948381341934549
0.074,0.01,0.08,0.011,0.459,0.035,0.05,0.151,0.001,0.003,0.001,0.013,0.006,0.001,0.105,4.948381342060553
0.017,0.002,0.007,0.002,0.067,0.004,0.018,0.021,0.161,0.035,0.289,0.172,0.052,0.017,0.135,4.9483813420606735
0.019,0.149,0.02,0.002,0.141,0.01,0.074,0.046,0.113,0.057,0.05,0.101,0.165,0.028,0.023,4.948381342060673
0.044,0.005,0.004,0.006,0.417,0.031,0.06,0.137,0.004,0.004,0.003,0.025,0.003,0.003,0.252,4.948381341905577
0.014,0.041,0.006,0.052,0.193,0.014,0.092,0.063,0.127,0.021,0.09,0.015,0.107,0.119,0.047,4.948381342056566
0.007,0.002,0.001,0.001,0.026,0.001,0.015,0.008,0.001,0.011,0.096,0.001,0.001,0.001,0.829,4.948381343957443
0.012,0.038,0.017,0.119,0.041,0.002,0.024,0.013,0.003,0.021,0.002,0.023,0.001,0.615,0.068,4.948381334818416
0.038,0.059,0.01,0.005,0.497,0.037,0.091,0.164,0.001,0.076,0.001,0.011,0.001,0.001,0.008,4.948381340783116
0.04,0.022,0.003,0.006,0.531,0.04,0.122,0.175,0.001,0.001,0.001,0.001,0.001,0.001,0.054,4.9483813420769875
0.066,0.009,0.021,0.02,0.213,0.015,0.023,0.07,0.213,0.111,0.077,0.065,0.037,0.012,0.048,4.948381342058366
0.029,0.003,0.002,0.004,0.384,0.029,0.056,0.126,0.001,0.001,0.001,0.001,0.001,0.326,0.036,4.948381342374895
0.01,0.124,0.104,0.001,0.035,0.002,0.003,0.011,0.027,0.018,0.014,0.104,0.001,0.492,0.054,4.9483813420605705
0.043,0.056,0.006,0.006,0.57,0.043,0.063,0.188,0.001,0.002,0.001,0.005,0.007,0.001,0.009,4.9483813420064795
0.015,0.052,0.016,0.002,0.2,0.014,0.022,0.065,0.148,0.062,0.217,0.064,0.045,0.057,0.022,4.948381342060615
0.038,0.01,0.004,0.007,0.506,0.038,0.056,0.166,0.06,0.02,0.086,0.001,0.001,0.001,0.006,4.948381293155359
0.044,0.005,0.004,0.006,0.335,0.025,0.189,0.11,0.08,0.013,0.008,0.004,0.03,0.133,0.014,4.9483813459684916
0.046,0.006,0.004,0.007,0.603,0.046,0.072,0.199,0.001,0.001,0.001,0.001,0.001,0.001,0.012,4.94838134208094
0.081,0.015,0.008,0.014,0.248,0.018,0.035,0.081,0.139,0.024,0.007,0.032,0.227,0.038,0.034,4.948381341993397
0.093,0.014,0.014,0.12,0.337,0.025,0.078,0.11,0.024,0.02,0.023,0.041,0.021,0.068,0.011,4.948381341969578
