Run,Elicitation,APR1400,EPR1750,AP1000,BWRX300,RollsRoyceSMR,NuScaleVOYGR6
1,1,0.297631435884041,0.6371594102817251,0.6333606598230209,0.12265729005191685,0.27368817268337287,0.09288812694831938
2,2,0.30002334309216033,0.27212491182056764,0.2395700163092559,0.09413403318607387,0.11502255309440619,0.13737902359849144
3,3,0.30193040464847826,0.24392410626074681,0.3861913064361017,0.042217157930232715,0.12108069069066421,0.0796868966125454
4,4,0.23906255780638938,0.5006942738556153,0.5457421115563227,0.2232686268598485,0.23189268949885725,0.13006072556062187
5,1,0.09777636468538319,0.25319788471396937,0.7119593850496702,0.11507536173054198,0.05896115969204527,0.2403882591814646
6,2,0.17290864485254964,0.20549656411446027,0.3655985210733911,0.07697466655420976,0.26217020778118044,0.08794095770987766
7,3,0.11197156969538581,0.5186197472712091,0.10492438175757585,0.019666331617212353,0.245377779978876,0.10309811484356272
8,4,0.1829219329947717,0.257392837561708,0.2846439458547177,0.16195974275878816,0.282291216857253,0.03069554266754512
9,1,0.05149626713395192,0.1443321197323549,0.6653784137455938,0.22877381577069864,0.1655638378238559,0.02584645948841228
10,2,0.2616727545216587,0.26945619130185483,0.31292845210208153,0.03569299892626736,0.11443629759021967,0.03784083431253267
11,3,0.163682011400451,0.37370684189505,0.12591622504197444,0.06594564239681676,0.13986767412576925,0.37707768582129103
12,4,0.11705336699173284,0.18422886212920436,0.40719619837405524,0.22086726890318428,0.23285240698658244,0.0784561016682
13,1,0.051114549470286715,0.7960462107401164,0.34723919229871936,0.16650701012386335,0.4210030410250048,0.041797197251895554
14,2,0.2691140036275251,0.2593907751622791,0.25141651178668356,0.009944381416350073,0.23624394661097983,0.12805094483997143
15,3,0.11109059096401278,0.29294695957506084,0.22008292773832322,0.09455694377103419,0.15632694275917142,0.0731189306404457
16,4,0.13141843309186274,0.6619256077254586,0.45240369137780667,0.15445449879129625,0.18148806801837475,0.12030028462453582
17,1,0.36366018973007047,0.12451220993019374,0.4331702311628983,0.09613702367751208,0.08963198580331229,0.01965531876031518
18,2,0.1510579406504323,0.6449166368283293,0.48685772538285116,0.027009345601842257,0.1916629012880357,0.20869048832516338
19,3,0.14837868712886904,0.47382262099612105,0.48908482776553996,0.08747472171567555,0.06181332491997369,0.17700804768990647
20,4,0.14577061935675031,0.2528919444214039,0.5631389937919615,0.27874963050256224,0.3371608340896813,0.05699213092337756
21,1,0.21801976703667997,0.25857217366367835,0.421707456593461,0.24965702470773768,0.02824645774299394,0.046081912482537186
22,2,0.2821618279817189,0.23942053336349708,0.17247921670335048,0.06735641737260306,0.40972777591990894,0.04145288411032081
23,3,0.07075426925076067,0.14228597765442044,0.19521576078992792,0.08625468188151351,0.19244018789348788,0.09921039931968263
24,4,0.13972622585887748,0.569241274692509,0.5134277997156291,0.30316283230290386,0.20867852673892104,0.061074616992205254
25,1,0.2019187511726121,0.4926451212038784,0.3490970032445698,0.1965408697139234,0.10227941927538554,0.04135338041941904
26,2,0.2625855259148228,0.2143324789888081,0.39324670999782674,0.0749118697893336,0.061937451080389234,0.12364727098945046
27,3,0.22075794987280428,0.1739887588993505,0.2174273964273942,0.05956417973038701,0.2265921083676492,0.06461278745097618
28,4,0.18274470504629775,0.569820081071349,0.4551445864673897,0.3418175507199814,0.19969422447802584,0.08498844783305237
29,1,0.26048403912053814,0.09705500015483333,0.13979096101150765,0.021102386157280703,0.0671626080202431,0.14711487846283255
30,2,0.23872993832111652,0.5749306052582085,0.5552429635957896,0.02451970193699832,0.15320086433360217,0.15353383997653774
31,3,0.34644878261572876,0.5710457170475205,0.5379860811611705,0.013932304678831556,0.2163168219810287,0.033818232558099404
32,4,0.12311103784200794,0.31709318998937014,0.32172416367382134,0.2301139625243272,0.168773453237164,0.04479582579696541
33,1,0.21776132657538982,0.1652402911034287,0.3755130218600554,0.15196168056206888,0.12275224881544836,0.013220002695308172
34,2,0.17669655094598521,0.06946160603133801,0.08636632584973411,0.024081328756017862,0.43353650181987025,0.1310144949970097
35,3,0.18560114446932363,0.34637365314494256,0.11795229372588767,0.037663331960232686,0.09286952638735269,0.012683189986349395
36,4,0.26019270978157283,0.28173678530238183,0.2619604752950125,0.16836491345401366,0.16727433603343553,0.09133448802993353
37,1,0.3303652437810622,0.31568340811932666,0.396917366431031,0.24546457934469892,0.07628455748152811,0.1595370718768463
38,2,0.10261639272140657,0.18448528155360155,0.39960260643892964,0.011178615489905067,0.23295099665967803,0.14207149460592147
39,3,0.37897885660887276,0.31448055853911266,0.10008651827684036,0.08102617270046993,0.20576731538173318,0.03115074914512088
40,4,0.07734221739669125,0.49331417193022303,0.514290688444243,0.21741674362907362,0.35333134215665113,0.13805810933821747
41,1,0.04390769407720294,0.29049249044331865,0.3883800894862633,0.13771104980596668,0.17211165778653192,0.04932987145983632
42,2,0.26619653971820506,0.4238707739219831,0.191866198099062,0.025049339918265617,0.30119228701435086,0.09189465150344622
43,3,0.30705681930044487,0.13722807099788592,0.3020157094788428,0.05278413660295315,0.45538959478599655,0.04118718502302726
44,4,0.18795421828849648,0.6242149707191524,0.24063816857010947,0.14806991602382705,0.30701102490697046,0.06391141985929924
45,1,0.1709959178134045,0.2899976845079432,0.54995004730063,0.023798652356699087,0.26328719725373534,0.07362593180999673
46,2,0.11657988979482119,0.19971077756605138,0.48433436185830925,0.04713826704057066,0.3751833149551509,0.0538453074755667
47,3,0.17007848085090332,0.14702999126353303,0.16472842622557635,0.04676315248617788,0.1397889972461375,0.08873065964726481
48,4,0.09057871714544345,0.28779684701170716,0.5276846795551168,0.0911647295810369,0.2431792590604829,0.06552883716570534
49,1,0.23400105328284676,0.051891608938545046,0.2264148639372518,0.18482450041097667,0.14678691086081147,0.13365139729546538
50,2,0.3005003083300949,0.37703791533746966,0.4300454525341771,0.03081478080167729,0.17637134960039705,0.15254608683064824
51,3,0.2882056239674925,0.2596314009484857,0.24066004025244667,0.04308009560499815,0.10242308643076756,0.06502050693005715
52,4,0.12086850758909297,0.5928600078788793,0.3410059484541792,0.19426271556423141,0.18038123092679895,0.05477112010955887
53,1,0.0715934866836466,0.30346371797653776,0.3616269890485302,0.22348217948545052,0.24344125178898432,0.08136582986372824
54,2,0.09637725751590405,0.41985522705991996,0.15649465971983867,0.09701092593319856,0.2866691083343968,0.22136110560085154
55,3,0.3490603642791578,0.2639616141069296,0.38762329407247537,0.03648531839826597,0.11631015228148196,0.2550925297545891
56,4,0.18675932751824886,0.23219510376805372,0.37970266536757347,0.1996327685449531,0.12175415226030681,0.14263193985205405
57,1,0.0767500436700247,0.46320866771925157,0.2524982411655679,0.10881107046998245,0.12188479868109539,0.12701633797401626
58,2,0.2794661051402948,0.0936041863670106,0.5153557831990023,0.012828729596842761,0.24785265903126216,0.1781533646360275
59,3,0.10745233381214918,0.6169351200731318,0.30590073621509006,0.007270508433584095,0.1919996142527854,0.11438698669623219
60,4,0.11015328906827115,0.266166702259584,0.518410634907668,0.328257030462235,0.04325136760309593,0.09161892805417403
61,1,0.16768838295867572,0.1803765090536828,0.3401929324443778,0.046394646519014426,0.03861124527675845,0.28910913608339806
62,2,0.11896595191170233,0.19530293058557013,0.26916043100417864,0.028384312212596324,0.16913261877489272,0.16177847659382605
63,3,0.4086522363584448,0.21195120954799082,0.4586230288787391,0.032663548705404034,0.24989886650713702,0.10575223601573942
64,4,0.2769234147255099,0.1694125048416531,0.5793672267357453,0.15961858237826504,0.11851950463378112,0.08484542203335604
65,1,0.007367307517735871,0.295405514980935,0.4262953886495701,0.26699634163021685,0.01068079202141825,0.048615143190714985
66,2,0.14744566570396633,0.21438431290982574,0.4779525396364753,0.15931026206904633,0.3095577398141506,0.11581936845409681
67,3,0.2005213380833523,0.19123570607836862,0.3449994613206929,0.10077420506399529,0.1481335872195335,0.2859928204362952
68,4,0.0886787845992907,0.23950047381488554,0.4741650616672462,0.3373970898852467,0.33684831000258286,0.07996761279337124
69,1,0.08727300849951118,0.11661923251401163,0.3932797922275657,0.0710677141463187,0.23394251782761247,0.049724524627298886
70,2,0.12195405041151508,0.7119643921107692,0.428806797461116,0.14381876630295334,0.0752167775315454,0.0777719576625407
71,3,0.14217714953298327,0.08186146501748105,0.29367118466262243,0.02572397464927281,0.1668601482723692,0.07305914656779514
72,4,0.17301874283327234,0.3881788258768366,0.4947061139110607,0.11500031812653276,0.12218902125206979,0.1354062733982281
73,1,0.03497463866930345,0.3896289212649288,0.4472584144641393,0.1006354249838163,0.08340689912610419,0.030133170751593337
74,2,0.08552422987864385,0.25090853964990556,0.5170377923990676,0.050757425335624856,0.17419463654894982,0.16964235794636504
75,3,0.2910257201393895,0.14565731195758028,0.1485652113429554,0.10035758011901001,0.10287511866707595,0.019271983104297893
76,4,0.15298501713887394,0.2233924374498569,0.4579068576101413,0.2487784094047332,0.09248976244212145,0.04678212602265131
77,1,0.2752458520193553,0.7749998533771931,0.7221255138560696,0.06857525814470129,0.40222518764871035,0.17980287029796033
78,2,0.20167394355568907,0.6450659309773559,0.27192601088102264,0.05240785999047155,0.0820906659801945,0.1408976201385785
79,3,0.19965002391120265,0.31611381097005137,0.21685381013267346,0.11133272261004518,0.48250853513711217,0.20230955718003343
80,4,0.13847434334505265,0.37810010491825957,0.466662596987288,0.0833184413158577,0.2423102487327416,0.06961171220762719
81,1,0.1593491958725307,0.04194165268460307,0.46807212446470625,0.14976425093338674,0.2721122445055003,0.18665257347289751
82,2,0.11616605109752738,0.44124175237445495,0.18237893668914845,0.015043977405876301,0.16324672174765445,0.0709786895646244
83,3,0.3181169278874621,0.4952129728983178,0.4317513662194816,0.06037421108107216,0.19801869970794247,0.0576053390351017
84,4,0.1664535574101382,0.6411626636291982,0.5383812912445426,0.2929718012038447,0.2671709293531343,0.05568026141971316
85,1,0.3124788677118632,0.5367546312468021,0.23634531391327487,0.05027134760129903,0.09692211949894186,0.05092435125848306
86,2,0.2789907352264499,0.30997283696236444,0.3665877039136496,0.039178620142864974,0.25805062351641955,0.05049443698313045
87,3,0.09527896991803342,0.21962985839133714,0.3955999395524289,0.10729699395448589,0.046362715040782924,0.10801468740759955
88,4,0.348770836764792,0.18748588943643374,0.2820931361933823,0.2340134958518334,0.2902901971207795,0.07298170726545149
89,1,0.1957502016707331,0.37135728597371487,0.5823736671695053,0.06993889531943183,0.06233350221739058,0.033711697475256305
90,2,0.22075940249818943,0.34099081181885926,0.5136976596082454,0.06482274215797279,0.11763963468641596,0.14065766678648392
91,3,0.3742958364988994,0.12516484866148778,0.5013669827509971,0.042059884927481986,0.1207922592117102,0.06422229655345706
92,4,0.09614244052438277,0.4853899034214456,0.3452581100157266,0.12159039988999572,0.06742922277085825,0.144734042913289
93,1,0.2870718490101378,0.17050861102148493,0.3134192444256501,0.04436881510051365,0.07392224514292084,0.40545519483150727
94,2,0.2917836406274736,0.32500697107026427,0.5121316060120678,0.014440012974582025,0.17466991674082416,0.09236541752615134
95,3,0.2532325522054598,0.18920588319911158,0.5602987249893795,0.061002279712792984,0.390882434754866,0.1455745470529291
96,4,0.13418183211892937,0.26348322043898076,0.57518850268474,0.13844007853481538,0.34974032193647353,0.10294364075057119
97,1,0.25835460716877306,0.14930732066115965,0.7802592035310102,0.09801963045241253,0.1005588903278624,0.15105579253271104
98,2,0.14056933835627317,0.26496164614095175,0.31396760569490895,0.12855347374184303,0.23959497823351222,0.08710321753240263
99,3,0.24062516447055024,0.1310694537836548,0.29844582200961345,0.08225045491946355,0.1219007716975221,0.16061313280282982
100,4,0.12047089617980428,0.3273871812694448,0.4130436303707788,0.20371084413284643,0.19247502289558435,0.12415060333519766
101,1,0.13413974761296316,0.5015387342495723,0.5266300987833061,0.054509978174460294,0.11069767853788387,0.14555118317290341
102,2,0.25369094654108093,0.5207656248850249,0.27705060547301136,0.05873652543685231,0.35899279204855217,0.11019577503225944
103,3,0.19548027480753508,0.14757288427269175,0.254484105500039,0.036546468485192246,0.1306872921212857,0.26193476325644965
104,4,0.16477262971022757,0.37824244743618957,0.6886078967438677,0.29770168023457794,0.08328819782960804,0.030952180019176143
105,1,0.08708397942378572,0.058845347669611386,0.6636323347399516,0.2561568031527629,0.38443877071768134,0.16506097901322525
106,2,0.26082470890857534,0.1372396840910265,0.22690595804640187,0.03542417845603504,0.17998486234441508,0.09349933899864224
107,3,0.05072233142653881,0.4472198949891078,0.18897044550342557,0.03778982668899721,0.12164282944229371,0.03337412442528428
108,4,0.2165375897591773,0.6296028808953003,0.6046435951271946,0.08932702155869092,0.15377187743378956,0.07185676875945604
109,1,0.32445645181396415,0.21898936560457927,0.48439659033855914,0.08102305756312425,0.024854352564722258,0.008635336663584344
110,2,0.0722589866435578,0.3203139236486289,0.19015946769993156,0.19812646978515808,0.1333740450731325,0.06883619973543094
111,3,0.06648683641019389,0.23474525224953005,0.3073564486894342,0.006937326838649519,0.15816661154644768,0.09778070240669766
112,4,0.12314350851309032,0.3931512312197679,0.23092178873115596,0.3304900410579283,0.13147594249724892,0.06924238047121682
113,1,0.1511795044974949,0.13940314952131505,0.14502676083003865,0.08708139661706638,0.06368490566504163,0.034246474376242675
114,2,0.1576321828611528,0.11707826614149336,0.3109492741219945,0.0320124617137396,0.22074699688820965,0.09141653714609692
115,3,0.10335166955539886,0.31132699491008664,0.29925121560521006,0.018926913928560735,0.16379914644255789,0.06345420722967153
116,4,0.10494417410233972,0.4129689359079343,0.24691978832462208,0.3164540249932466,0.08322991235542772,0.01771967489870737
117,1,0.03596484746021657,0.05170061313159207,0.21347263964522703,0.014654765113074598,0.09963117387713573,0.11106197817517491
118,2,0.06828936862319204,0.08765321145745351,0.599546917656811,0.09436177279935543,0.14512622595656435,0.06648108789161879
119,3,0.07356553396096024,0.5516355458750941,0.14628386515767988,0.011864552896837,0.30312424635349494,0.12537053523277478
120,4,0.214727253531933,0.5928480089222382,0.4694124640359582,0.24822614889736636,0.1514329889461927,0.06624528369271633
121,1,0.04750716195762386,0.3486041152098994,0.35133678172704286,0.05421154393148944,0.02944679794188391,0.02358306219314506
122,2,0.14567558028561803,0.4434607651593111,0.04627522999164244,0.07088414331720444,0.27123062084759053,0.10894617196007585
123,3,0.333698671641232,0.2910801410303177,0.2055094331189244,0.030779448151669157,0.09605684932266481,0.06858052176247685
124,4,0.10809439805534128,0.5040573471763775,0.5450222867805471,0.10855265283817465,0.1386423580434249,0.04163697800002132
125,1,0.17674960408186943,0.14990994673580432,0.5380090500840277,0.05764717746289801,0.15656862476211775,0.28063673557577073
126,2,0.14170475934505672,0.18716843366655603,0.5259602897576292,0.040036822742449026,0.0916881829076408,0.038791494359812176
127,3,0.06980914018147931,0.19842770116933128,0.3777747948384741,0.01802502932866919,0.22726973560957534,0.03769437413573864
128,4,0.25148728974359125,0.4638088254491734,0.4742062661268426,0.34464767333565116,0.14635216810808155,0.03480644601236282
129,1,0.14167305013248133,0.36471931237554,0.22537006055995357,0.04366453571534604,0.10851325443846672,0.11854855506117767
130,2,0.15176071919140444,0.16092800326132098,0.2688154081774708,0.056371871932381905,0.09996153867297723,0.06084129687170146
131,3,0.10996890615687097,0.4302238478637603,0.2694955550514199,0.06558057734148871,0.3865774716814228,0.19752174583064908
132,4,0.1767735086275889,0.19801931843344878,0.4072584967528246,0.22440186190973171,0.40047666341197985,0.040260565816704015
133,1,0.10205503884630748,0.5926498444363183,0.3384265601255263,0.05646640169241147,0.28437327660153944,0.0947169919196956
134,2,0.13829934212895098,0.45793150260518817,0.21796452793418358,0.034904786615900824,0.07000647590472818,0.20119424188219034
135,3,0.4271595090774195,0.18765713620141042,0.31474118571649967,0.16129689037555672,0.3337432978542599,0.10294911608000026
136,4,0.24615586826317293,0.29236358940818635,0.456362586839341,0.29298513928083303,0.3322985902935527,0.08383437408240565
137,1,0.4436210304677606,0.5171341897433369,0.6411009321648247,0.10889956893349824,0.31828333108037865,0.07366642317610465
138,2,0.4472809200831148,0.4590739714247736,0.5874353126616172,0.03462767862973124,0.18988505926580004,0.14490719486342107
139,3,0.10504059250038636,0.2971556714497892,0.1651989988474169,0.0591119987603021,0.18997567391940962,0.22818247242074566
140,4,0.07807225118463684,0.25435912875389505,0.4279594710388102,0.09756741067964128,0.1767741320811112,0.15156010744494114
141,1,0.0374649388644335,0.43739083326734396,0.4754619986734493,0.10309287317590128,0.0125491105071545,0.09738181265245394
142,2,0.20259503081871627,0.33727037824173023,0.4591045401060135,0.023468335936513457,0.16035456379064833,0.08177502971040633
143,3,0.06365364933034946,0.23978069118202497,0.17629110605531237,0.09338520439694291,0.1598832724352236,0.06205314884448693
144,4,0.1727908583417152,0.2974274633245798,0.3879524425168183,0.3451207370162488,0.21651259698815392,0.031630003665251094
145,1,0.2225757531288406,0.3225390904964133,0.5215708245311271,0.11495106953942358,0.024317851907612178,0.10866790119788444
146,2,0.3025087507472009,0.24842534679103834,0.1753501392082738,0.032222971448053486,0.1320789379290869,0.1984508317278628
147,3,0.09122095307772435,0.29635146816490576,0.22947876291301983,0.15939781241944453,0.11317103718554919,0.06832844473432355
148,4,0.2462286711248955,0.5967466317445306,0.3932727104948503,0.08002323128945468,0.11602016473941017,0.11824671291765725
149,1,0.08376641806685112,0.618208543480556,0.3016861083777765,0.10210019012883889,0.04672687401784197,0.028275183325123833
150,2,0.3739273267545083,0.5876910253685759,0.31256719955421536,0.015376645555814425,0.14090475888967674,0.1426212557482577
151,3,0.29908528429344045,0.1923692601063405,0.44864188758311735,0.01373987800553853,0.1478378180887724,0.089653149442841
152,4,0.2124577842577148,0.3564243833714007,0.5022852988517624,0.2188812230697163,0.12066598043997542,0.1752635574358431
153,1,0.1592297628800481,0.5533419605920085,0.4372621598813178,0.054469930820539636,0.11639838743651447,0.23540381921330092
154,2,0.11898242867435352,0.1425047323130189,0.3715249517506039,0.031155897812398983,0.18850491872926115,0.08378640833039891
155,3,0.2402606092370117,0.09260524483578694,0.48043786756272144,0.09372349204372521,0.09067273549603817,0.02583410647330655
156,4,0.08060654958863848,0.314966112295867,0.5696436066458387,0.22320666300398098,0.12509537830087863,0.05926359653171408
157,1,0.4394573412605972,0.5435521187615779,0.22315345322568295,0.18057610148982606,0.0671819256326772,0.03214182394087449
158,2,0.07657352353895562,0.45406760261852636,0.5256390365700898,0.11695751124049042,0.11108829697146508,0.05919417843090664
159,3,0.1897065500426088,0.06725827234246404,0.33222911671469685,0.06972323812789226,0.15843625088133942,0.05539450468837454
160,4,0.19458787911684133,0.39767488327844586,0.4852287860939266,0.25729741184786914,0.13676086294870257,0.1085851844634941
161,1,0.16668847181424998,0.7597995768848673,0.7918191285143161,0.05191667905627952,0.07560301670182511,0.05501920165424525
162,2,0.16546190456259513,0.49204468767166076,0.5034347643730356,0.0801373885984076,0.24348928452318153,0.14119037050237923
163,3,0.36726686691440047,0.19785887273791886,0.4111158283240854,0.04120369832850524,0.1886879863781932,0.2060509198181363
164,4,0.10479302369748747,0.4045750247880468,0.31827159018496637,0.18771809045170015,0.2263787917972062,0.09692212053320169
165,1,0.283441740649861,0.13742167511349,0.2902669845349192,0.05514084446458557,0.04919048607960942,0.03935408335101738
166,2,0.12045103432066195,0.2059416664993771,0.4561966369541105,0.029626883584010985,0.22256751358761775,0.1699395242035004
167,3,0.34921864872725084,0.34904621746533,0.11640299873167524,0.034549284943817204,0.3340254539131573,0.07577798174300343
168,4,0.16613759357559552,0.12191263656571917,0.4371783684689529,0.1456765839060627,0.2691295773776454,0.07930021198064038
169,1,0.1983117254326896,0.5561415648926858,0.7699049723452798,0.08780989500099268,0.013977614337820871,0.008307941463086277
170,2,0.11326999101534133,0.28916213862614626,0.5064073783991557,0.10066880478197757,0.09513082102139765,0.053427381540897184
171,3,0.11116221157794337,0.14962356807301153,0.46207197517377113,0.024862831600000874,0.21537226159834347,0.09521147237495045
172,4,0.17921372196674365,0.2793934478356255,0.39672017997041453,0.04905802679472753,0.3125084695877935,0.15190174848196064
173,1,0.11614488852144247,0.23450459853388606,0.26281458337767305,0.10754858571682137,0.03653383726006601,0.10478039880435648
174,2,0.27314476783054464,0.08482129382398149,0.10436455673814661,0.09234732263748568,0.2531187676400027,0.23859637790004007
175,3,0.15467842761324394,0.5609925673115556,0.5216637650620246,0.043802798086398274,0.295951389743047,0.1319286607085235
176,4,0.3253438814327412,0.6336112877882142,0.31390476384698884,0.306524018980917,0.15643009779234443,0.09382741317051912
177,1,0.05538942777663513,0.4276275527929134,0.47690218292591796,0.16894735921276224,0.03763361378992553,0.17232748141898127
178,2,0.0859164672802985,0.35996011064648686,0.24871929456802966,0.09782687525118729,0.18923550945418158,0.045108362884553256
179,3,0.09017970175710874,0.4239922026318393,0.47785235202320536,0.04005773040089318,0.16178325969156745,0.08137813714655306
180,4,0.1215889443536407,0.45610290186154706,0.33471128589044846,0.2553810080849657,0.12800126952322094,0.06754640389226074
181,1,0.06963405061371408,0.2504278735055187,0.22539247799630627,0.12940180158112807,0.0834067168659831,0.2501299806916991
182,2,0.10640340219962963,0.6082156724121819,0.4364977200729747,0.10200890172788216,0.27070019756630787,0.09662000466888503
183,3,0.05802032270636398,0.18979738547359123,0.07475947809599742,0.03296068690573336,0.24619955588926506,0.07082528517946957
184,4,0.1527505470270722,0.36017582769852263,0.5289277363501822,0.05171650671348522,0.14159457137473133,0.26280316237336104
185,1,0.36440651395935614,0.2926015275580656,0.2620945751026043,0.31072863944683154,0.06287015820342541,0.00513750066723949
186,2,0.3855718286596572,0.7996888385007132,0.13419552760000203,0.09166519200107982,0.12620117127612954,0.2215572943343603
187,3,0.3906575822541119,0.2776480584116973,0.2765086150039766,0.11260604894390627,0.04959606817722187,0.038273774147548505
188,4,0.1444550565734952,0.43289508360870543,0.36027277745943936,0.1357698447585688,0.27239275442197824,0.21140350887156845
189,1,0.15293685947804883,0.6268765576675812,0.3888059086300432,0.12466101512284296,0.27207151647928574,0.07089311894077467
190,2,0.21052502949584562,0.6606981052882701,0.5919757006200486,0.04854322320028341,0.1482153961942427,0.10531532254178935
191,3,0.31500742485533695,0.3128152648063884,0.2247875259870484,0.026020449780951412,0.27921562272346184,0.03906702727608297
192,4,0.20139238750101185,0.2542075953459998,0.3798668904514296,0.10520485349746198,0.13816891094070136,0.14002454940561038
193,1,0.18310708078779214,0.49708593450348043,0.4550506332310473,0.07280086655927098,0.05936222479884481,0.02555443056801774
194,2,0.3324193394385927,0.18630410146335202,0.1859576594979018,0.01840072571018974,0.13420030549600265,0.079504540638457
195,3,0.164734752394799,0.23605778272119698,0.16092857508417535,0.052829098492313806,0.22871709452320838,0.08308617452405852
196,4,0.24027673015788448,0.29072041575002955,0.23324667497880724,0.3604088127745215,0.11650289608706087,0.04942366599672936
197,1,0.12135867203432041,0.4252281053759672,0.21298058504892609,0.19324040374176227,0.32880940941604386,0.022836527529946346
198,2,0.22789456207994868,0.33033704720379764,0.24550527462825833,0.06074005263133543,0.3307981457594682,0.13811783513870082
199,3,0.27788961476500196,0.15873670338001353,0.4985586931089093,0.1811979976566064,0.33574967247743104,0.07519006228408023
200,4,0.10065968827663474,0.5273561286747492,0.2835422817348137,0.1787238763735401,0.09346625425166692,0.11484751980711251
201,1,0.007507315411827589,0.2244479440981603,0.3059796479467231,0.3419548503081638,0.031533789752765405,0.12644510881490656
202,2,0.12097279625479977,0.44260327639184005,0.14688703549692775,0.11203033128915789,0.17614978117321023,0.013724234529755143
203,3,0.045793305305691936,0.21218968837290955,0.5349569171282782,0.07407295204598485,0.2406972799498555,0.03861344488915599
204,4,0.2094485190031472,0.2939685115330827,0.5107963442806229,0.3699457877476163,0.20143076473094484,0.1424988290985383
205,1,0.0390202550453054,0.09917635399472514,0.5126371884977778,0.12753958665605938,0.09181456461202016,0.014490440589681066
206,2,0.2678057190160532,0.4086383515935788,0.4771101215769856,0.05634553176292587,0.1619564893044293,0.10245724602298963
207,3,0.4033688450963595,0.10041612697284202,0.4875925017160897,0.048303393382287715,0.058965704540002994,0.03677374636840029
208,4,0.2828964122461521,0.4226629544347815,0.6197905763221914,0.2719214941316352,0.38460416711782847,0.05291228121923265
209,1,0.1624933550338955,0.3069232830500878,0.3071017591814834,0.1550671972485886,0.13599053566792976,0.014380172603864318
210,2,0.3508135449258068,0.6700337099010079,0.5565154864668638,0.011037105961316499,0.11958744418842901,0.1038954573891273
211,3,0.05202617457262309,0.16159557329580798,0.22252574173041997,0.03774109843317738,0.17528815079985016,0.13925958849332154
212,4,0.06727732757176957,0.36595628601878,0.35581796264789206,0.14588893980374087,0.16869087046227596,0.13062980577091718
213,1,0.3057532611085913,0.06256300551921343,0.49734148420900925,0.14001239937962875,0.011493039742815214,0.055447991309000265
214,2,0.3291613391932247,0.34280643390308524,0.33358976464198425,0.06225119178057285,0.24924556405924755,0.15847908637331887
215,3,0.35622250898948254,0.400412967612934,0.47508620813982444,0.04001293898709598,0.14326353239843959,0.04249909964269138
216,4,0.1832479346098856,0.3237047808506184,0.4890361935873608,0.11795466231434693,0.14589794851076246,0.1961778450234655
217,1,0.0689652017237752,0.2134545055337185,0.12421836670523313,0.04472881838477281,0.0630689791680473,0.054284933258824254
218,2,0.17161187491225785,0.7254198094253268,0.30867514648240063,0.05860357607629283,0.15345092718880615,0.07429610007896258
219,3,0.17022507572114925,0.09474719851645332,0.4688845176340805,0.15765197900895747,0.1261847476811972,0.02960884806841869
220,4,0.0997819064760773,0.4155620089708453,0.47362941782525797,0.12262078469833387,0.303780626373989,0.10986738465070423
221,1,0.11409511011758758,0.5716906047449308,0.46139016484309614,0.16179384323546298,0.08314960628258662,0.11813297551704977
222,2,0.14439681383842554,0.27362345451482084,0.2599183896856449,0.04317976363707257,0.2751869804903771,0.09242162543841509
223,3,0.10266493289057471,0.132487171167171,0.3019899912531202,0.04355085334101228,0.14311130859078483,0.15817554090702937
224,4,0.14271967392036086,0.20576000566138228,0.39108816064962837,0.1701457870238204,0.30022566917925636,0.07937196515103889
225,1,0.0925916362405725,0.08385321498460044,0.07167682653409478,0.27938418677801263,0.25086993712203265,0.03311937639980121
226,2,0.4175351783114917,0.3472625885102361,0.30575997251520026,0.014401519350359894,0.1763758180396331,0.06926739360130858
227,3,0.25103942889697944,0.20489075426094674,0.15204197925748775,0.027521528791289045,0.11089213612211063,0.01686310472684582
228,4,0.09094868048937432,0.5609161236144088,0.3415077397970002,0.07577215281522033,0.32989722618446604,0.028668468528976022
229,1,0.09080266627277553,0.20168999993185713,0.5842800361499346,0.26851719297158333,0.04679466682847914,0.09456830767375478
230,2,0.25700470101987866,0.40555099380248527,0.38394852692033815,0.05110550461212587,0.10764922797518256,0.07086982473026185
231,3,0.420754962284926,0.2725034790235076,0.26399762866282667,0.012164378733591986,0.23912512125946564,0.13996208417073486
232,4,0.11489412008228488,0.30621697204930726,0.5176159718984233,0.15768738709169058,0.34970655589408006,0.04911977801331218
233,1,0.183790055093115,0.3073260205684231,0.1541662255841859,0.18176536169714158,0.27277077583231285,0.3066590437873383
234,2,0.3478364969689414,0.3947610796753306,0.39885539070702886,0.02705274735913232,0.27892951318065234,0.2147030203661804
235,3,0.10713870156563292,0.5646921410002926,0.17271901338310733,0.08133282651706872,0.23236138693672376,0.17332039910756397
236,4,0.33932639858004915,0.49851498288908885,0.5538129311502058,0.2085787834993847,0.16703564608196186,0.0822315354546286
237,1,0.2018948673345664,0.142447863292363,0.2645533950399382,0.16753956357282018,0.12121932332552615,0.0224906040014116
238,2,0.126606503618817,0.38529473063375425,0.48016947341488786,0.07392006926437616,0.19720790423637544,0.1862846064238247
239,3,0.1198515521273187,0.3161196115728177,0.2947171587728592,0.04496783141642509,0.1509468562082713,0.11904416161224662
240,4,0.34717272668678234,0.29527912346972496,0.4689838018076416,0.2885748507688873,0.0752812879307633,0.08399416984059183
241,1,0.029909425600413708,0.3619163946444531,0.264335602862125,0.16378471763278807,0.12065693593308245,0.07079976735886927
242,2,0.2602096339481088,0.40868570321885295,0.21190235221835058,0.0291117307898717,0.12209398851926768,0.0618871607012958
243,3,0.1367595160573349,0.4387427307391359,0.44513964883410734,0.02971991976987118,0.2258655352314474,0.13853765116878206
244,4,0.14985759002079163,0.15591887692032386,0.5662601691271654,0.15347574648357942,0.23222192581833065,0.10431814122000442
245,1,0.029825030191039638,0.2656614161335281,0.2078332623671675,0.03776258745346417,0.0371850176065579,0.07088841652594152
246,2,0.17632397692192403,0.14589732355191296,0.3627274712106745,0.17838575097146675,0.03329031133027466,0.12698783595404908
247,3,0.37337372819782555,0.3419828563741722,0.35662639739246643,0.027088605923645374,0.1902949224809758,0.08168852263218197
248,4,0.0706602279940619,0.2289104954886283,0.43102655033724596,0.18471551979322698,0.08999197610162747,0.08504762625430683
249,1,0.17252860118902244,0.46171933453363856,0.5244232971593864,0.06911773681482686,0.055210126101632416,0.03792763964475576
250,2,0.18113845754111432,0.2353052672669875,0.5840807995771996,0.11553043579410223,0.1605335746879063,0.12809759625907885
251,3,0.0891348347201348,0.12399543162193512,0.1219493399911932,0.06694193890932656,0.1624271354500504,0.14519129368714895
252,4,0.1468647053131224,0.38820074599552584,0.6240946951222914,0.07025857950838384,0.16180165578235287,0.18275402377089744
253,1,0.03930866577645022,0.3851534350958587,0.38347006528531086,0.35599735921321557,0.09774605036540136,0.0046823005136593715
254,2,0.16990177043164154,0.23011358517081207,0.28728263893627154,0.04276733997529741,0.20460101414040885,0.0526094903701928
255,3,0.4587854334806518,0.2911931603653383,0.518616463955867,0.05379043725261476,0.23288209609305885,0.03601775473775218
256,4,0.1607724410786065,0.20938617836856344,0.3102219522870067,0.20928020009682938,0.1418418405727485,0.04528595443984078
257,1,0.049939729649725775,0.5601118982358093,0.514433397920919,0.10573462388411363,0.06431081163710449,0.17947048899788842
258,2,0.21372773462669217,0.5015500295484221,0.4961887697921662,0.026431854475859728,0.10017208192849715,0.05693038918580628
259,3,0.4867227349752637,0.13043272207112042,0.2894235081754791,0.04415635322771372,0.13027614624049713,0.30517617714980216
260,4,0.1478512136449789,0.28416788238065005,0.5441831110257193,0.24803773935881837,0.26447785655097183,0.1959568476935053
261,1,0.3031917721429925,0.3132041137819043,0.4984594388410215,0.09814523265576687,0.08883270613148671,0.15677859870159708
262,2,0.13229592387741085,0.17474311425558034,0.08479495770070648,0.008844518298537052,0.09454805752314274,0.017221660996352604
263,3,0.3223749950233126,0.17925592071495877,0.44122769112885,0.06932982181991204,0.09799200540114487,0.1189446042483723
264,4,0.18918999453936516,0.27651280529262223,0.5748347796470521,0.3602618164709141,0.10798695045465045,0.14725204726196026
265,1,0.15921449669963395,0.356746291590671,0.38907452929615904,0.2939150942028627,0.16340401947455846,0.05291011075652635
266,2,0.06127204768319819,0.13311551579359446,0.3615433656343452,0.23514353640756533,0.21875330336396379,0.045038676617592054
267,3,0.3484245534078921,0.2162384502519934,0.3962984264756952,0.09852869848707088,0.12869795330770184,0.026462602976109962
268,4,0.1591834348179074,0.4199618894527559,0.47963670872939074,0.2725540942001409,0.08059203024907155,0.051916704464122665
269,1,0.19677172303881557,0.252403326503165,0.16848936920242233,0.06502157255031611,0.06395135554518046,0.16191193739146575
270,2,0.20429974408784501,0.15018687165859934,0.45615695180771043,0.02430750447570252,0.1391400710453464,0.04475935357952564
271,3,0.17804574484663815,0.4601406624099624,0.4989276510696345,0.030803701691799648,0.2869432210336378,0.028844171040819395
272,4,0.1822638375212351,0.3390136721017066,0.520371766323154,0.08686675445698218,0.16423339280885993,0.07932508705252099
273,1,0.07600562814131814,0.07281148295443082,0.15510079177097189,0.09377504664917588,0.07491570503573103,0.007628312398422073
274,2,0.36994495821080203,0.39118721262525813,0.1157715187953945,0.0657632923173502,0.2277015631014489,0.12828768762522152
275,3,0.3427868716475925,0.4864453420548303,0.27125218420992675,0.04949767420267178,0.23026848170115308,0.23255124539947786
276,4,0.08085389195101353,0.3194367993691497,0.4417555535962011,0.0542118378921594,0.20521658673632578,0.045147317699395874
277,1,0.042609003030609216,0.2669711190115528,0.3013814888317074,0.17507590830569075,0.19222207582531967,0.03434424115812414
278,2,0.161167812896073,0.3771826069420478,0.4068734320640272,0.040273282933102374,0.07738873861353734,0.09937726085907084
279,3,0.2732612893320095,0.14070337608739575,0.08629110855285879,0.04406305133556426,0.15278505270170306,0.04290810405720649
280,4,0.13854887271740438,0.11325471799069431,0.26582275467525607,0.23603455408633353,0.1764040561614545,0.0780513421334489
281,1,0.40733483670254317,0.23288989934074328,0.5174186568013202,0.15310370919955746,0.02358569074665999,0.2119765376229326
282,2,0.38744265014291873,0.4808713773602743,0.35954067370372267,0.07138957695922082,0.2399084973576434,0.19216741139482968
283,3,0.44527099346216914,0.12240238134282529,0.587436180355508,0.0406967594091016,0.20722177854926,0.03488549753308544
284,4,0.08214167357021947,0.3369669882962017,0.28562279145430747,0.2876911889709476,0.33427804480498974,0.04409350712981011
285,1,0.019633527293341873,0.3074448592793014,0.2575913730998944,0.17507822541832857,0.0644207944093772,0.04512816631217155
286,2,0.11596451864229744,0.275053540640122,0.2866262023935768,0.1803959788608917,0.062017078079455196,0.08736837387521364
287,3,0.25019216583394277,0.24080929103527038,0.1567398862655171,0.04236623059228822,0.14281994968726347,0.16876879665638048
288,4,0.1135360176895574,0.3212714541418407,0.5684154849734812,0.17919917691592444,0.20962332490248617,0.06081443733929581
289,1,0.11398693070657144,0.4378346265202574,0.663231913807419,0.2762885065197619,0.17584350748053038,0.18379733098423634
290,2,0.3146403340671803,0.3191191195661062,0.20202994605937097,0.08679670073864364,0.021062777361333423,0.04981855045711519
291,3,0.17544692358739658,0.5190473189135285,0.43902555698481466,0.05047830480595973,0.2626167811777169,0.03416311465490055
292,4,0.2285685491520401,0.32437413605106424,0.4022790313727084,0.15405957162608935,0.2134718555364268,0.11540210360614846
293,1,0.10046760167102523,0.2489756638567309,0.37898117681919846,0.0637927989312783,0.05501746671050885,0.16478423312061496
294,2,0.06901559965941284,0.15211035300385928,0.4595713026068898,0.12179558073250352,0.014961569154613627,0.04318283576643404
295,3,0.1619846153903797,0.30743105844997815,0.33119219134104666,0.05660132585428704,0.10865668989676454,0.061253040465806395
296,4,0.23979547412633112,0.46882291896111267,0.5319038619247323,0.2469830053334394,0.30314964045450665,0.13256975099460652
